mmsi,navigationalstatus,sog,cog,heading,shiptype,width,length,draught
219005787,Moored,0.0,,,Towing,5.0,13.0,2.0
219996000,Moored,0.0,200.0,238.0,Towing,7.0,21.0,3.4
219017733,Under way using engine,9.2,180.2,179.0,Towing,8.0,24.0,4.0
219017733,Under way using engine,9.5,184.3,180.0,Towing,8.0,24.0,4.0
219996000,Moored,0.0,200.0,239.0,Towing,7.0,21.0,3.4
219005787,Moored,0.1,,,Towing,5.0,13.0,2.0
219996000,Moored,0.0,187.3,238.0,Towing,7.0,21.0,3.4
219996000,Moored,0.0,187.3,237.0,Towing,7.0,21.0,3.4
219001239,Moored,0.0,,,Towing,6.0,19.0,3.0
219996000,Restricted maneuverability,5.2,60.0,60.0,Towing,7.0,21.0,3.4
219996000,Restricted maneuverability,2.8,285.5,287.0,Towing,7.0,21.0,3.4
219996000,Restricted maneuverability,4.9,66.7,63.0,Towing,7.0,21.0,3.4
219996000,Restricted maneuverability,4.9,292.0,291.0,Towing,7.0,21.0,3.4
219005787,Moored,0.0,,,Towing,5.0,13.0,2.0
219005787,Moored,4.0,58.9,,Towing,5.0,13.0,2.0
219001239,Moored,1.9,10.5,,Towing,6.0,19.0,3.0
219996000,Restricted maneuverability,5.0,58.7,58.0,Towing,7.0,21.0,3.4
219996000,Restricted maneuverability,5.6,289.0,286.0,Towing,7.0,21.0,3.4
219996000,Restricted maneuverability,6.3,139.4,127.0,Towing,7.0,21.0,3.4
219996000,Restricted maneuverability,7.1,85.0,84.0,Towing,7.0,21.0,3.4
219996000,Restricted maneuverability,7.0,113.5,132.0,Towing,7.0,21.0,3.4
219011021,Under way using engine,5.3,45.1,40.0,Towing,6.0,16.0,1.8
219011021,Under way using engine,5.5,35.4,34.0,Towing,6.0,16.0,1.8
219011021,Under way using engine,6.1,19.3,22.0,Towing,6.0,16.0,1.8
219011021,Under way using engine,5.9,9.9,14.0,Towing,6.0,16.0,1.8
219011021,Under way using engine,5.9,332.4,333.0,Towing,6.0,16.0,1.8
219011021,Under way using engine,5.8,337.5,335.0,Towing,6.0,16.0,1.8
219011021,Under way using engine,5.1,318.8,315.0,Towing,6.0,16.0,1.8
219011021,Under way using engine,5.6,305.7,310.0,Towing,6.0,16.0,1.8
219011021,Under way using engine,5.2,314.8,322.0,Towing,6.0,16.0,1.8
219011021,Under way using engine,4.7,338.1,340.0,Towing,6.0,16.0,1.8
219011021,Under way using engine,5.0,224.1,224.0,Towing,6.0,16.0,1.8
219011021,Under way using engine,3.8,238.3,239.0,Towing,6.0,16.0,1.8
219011021,Under way using engine,3.8,247.6,239.0,Towing,6.0,16.0,1.8
219011021,Under way using engine,3.9,251.6,248.0,Towing,6.0,16.0,1.8
219011021,Under way using engine,4.9,249.9,249.0,Towing,6.0,16.0,1.8
219011021,Under way using engine,4.8,244.3,236.0,Towing,6.0,16.0,1.8
305389000,Restricted maneuverability,6.2,54.2,57.0,Towing,14.0,50.0,5.6
305389000,Restricted maneuverability,6.3,59.0,59.0,Towing,14.0,50.0,5.6
305389000,Restricted maneuverability,6.1,59.9,59.0,Towing,14.0,50.0,5.6
219011021,Under way using engine,4.6,235.8,237.0,Towing,6.0,16.0,1.8
219011021,Under way using engine,3.3,246.6,238.0,Towing,6.0,16.0,1.8
219011021,Under way using engine,3.5,242.8,237.0,Towing,6.0,16.0,1.8
219011021,Under way using engine,1.9,251.8,235.0,Towing,6.0,16.0,1.8
219011021,Under way using engine,3.1,270.5,270.0,Towing,6.0,16.0,1.8
219011021,Under way using engine,3.6,262.9,264.0,Towing,6.0,16.0,1.8
219011021,Under way using engine,4.3,305.9,299.0,Towing,6.0,16.0,1.8
219011021,Under way using engine,3.9,222.2,219.0,Towing,6.0,16.0,1.8
219011021,Under way using engine,2.5,172.9,170.0,Towing,6.0,16.0,1.8
305389000,Restricted maneuverability,5.0,185.7,180.0,Towing,14.0,50.0,5.6
305389000,Restricted maneuverability,4.8,180.8,182.0,Towing,14.0,50.0,5.6
305389000,Restricted maneuverability,5.1,184.0,184.0,Towing,14.0,50.0,5.6
219011021,Under way using engine,3.2,163.2,162.0,Towing,6.0,16.0,1.8
305389000,Restricted maneuverability,5.4,185.1,182.0,Towing,14.0,50.0,5.6
219011021,Under way using engine,2.6,177.4,175.0,Towing,6.0,16.0,1.8
305389000,Restricted maneuverability,5.4,184.3,177.0,Towing,14.0,50.0,5.6
219011021,Under way using engine,2.4,232.7,228.0,Towing,6.0,16.0,1.8
305389000,Restricted maneuverability,5.6,185.0,183.0,Towing,14.0,50.0,5.6
219011021,Under way using engine,3.0,264.5,242.0,Towing,6.0,16.0,1.8
305389000,Restricted maneuverability,5.2,155.8,157.0,Towing,14.0,50.0,5.6
305389000,Restricted maneuverability,5.1,158.1,157.0,Towing,14.0,50.0,5.6
219011021,Under way using engine,3.1,264.8,256.0,Towing,6.0,16.0,1.8
305389000,Restricted maneuverability,5.2,153.1,152.0,Towing,14.0,50.0,5.6
219011021,Under way using engine,3.6,255.4,249.0,Towing,6.0,16.0,1.8
219996000,Moored,0.0,244.0,237.0,Towing,7.0,21.0,3.4
305389000,Restricted maneuverability,4.6,164.4,162.0,Towing,14.0,50.0,5.6
219011021,Under way using engine,3.6,235.9,226.0,Towing,6.0,16.0,1.8
305389000,Restricted maneuverability,4.7,197.8,193.0,Towing,14.0,50.0,5.6
219011021,Under way using engine,1.8,339.1,152.0,Towing,6.0,16.0,1.8
305389000,Restricted maneuverability,4.4,194.9,191.0,Towing,14.0,50.0,5.6
219011021,Under way using engine,3.3,154.9,133.0,Towing,6.0,16.0,1.8
305389000,Restricted maneuverability,5.5,298.0,296.0,Towing,14.0,50.0,5.6
219996000,Under way using engine,8.3,62.6,64.0,Towing,7.0,21.0,3.4
219011021,Under way using engine,2.6,129.0,121.0,Towing,6.0,16.0,1.8
219996000,Under way using engine,9.6,136.0,136.0,Towing,7.0,21.0,3.4
305389000,Restricted maneuverability,6.2,318.9,318.0,Towing,14.0,50.0,5.6
219996000,Under way using engine,9.8,79.0,76.0,Towing,7.0,21.0,3.4
219996000,Under way using engine,9.9,110.0,113.0,Towing,7.0,21.0,3.4
305389000,Restricted maneuverability,6.3,323.8,322.0,Towing,14.0,50.0,5.6
305389000,Restricted maneuverability,6.2,324.9,325.0,Towing,14.0,50.0,5.6
219996000,Under way using engine,6.4,124.0,129.0,Towing,7.0,21.0,3.4
219011021,Under way using engine,3.0,106.8,106.0,Towing,6.0,16.0,1.8
219996000,Under way using engine,5.9,122.5,127.0,Towing,7.0,21.0,3.4
305389000,Restricted maneuverability,5.3,288.8,277.0,Towing,14.0,50.0,5.6
305389000,Restricted maneuverability,5.3,282.2,279.0,Towing,14.0,50.0,5.6
305389000,Restricted maneuverability,2.7,301.4,293.0,Towing,14.0,50.0,5.6
305389000,Restricted maneuverability,6.0,264.8,261.0,Towing,14.0,50.0,5.6
305389000,Restricted maneuverability,6.2,315.3,320.0,Towing,14.0,50.0,5.6
305389000,Restricted maneuverability,6.2,298.3,302.0,Towing,14.0,50.0,5.6
305389000,Restricted maneuverability,1.8,291.1,288.0,Towing,14.0,50.0,5.6
219996000,Restricted maneuverability,2.6,287.0,287.0,Towing,7.0,21.0,3.4
219011021,Under way using engine,4.5,74.8,78.0,Towing,6.0,16.0,1.8
219011021,Under way using engine,5.3,78.8,77.0,Towing,6.0,16.0,1.8
219011021,Under way using engine,5.6,76.7,80.0,Towing,6.0,16.0,1.8
219011021,Under way using engine,5.8,54.0,56.0,Towing,6.0,16.0,1.8
219011021,Under way using engine,5.8,346.8,348.0,Towing,6.0,16.0,1.8
219011021,Under way using engine,5.7,350.9,348.0,Towing,6.0,16.0,1.8
219011021,Under way using engine,5.3,346.2,348.0,Towing,6.0,16.0,1.8
219011021,Under way using engine,6.0,45.6,53.0,Towing,6.0,16.0,1.8
219011021,Under way using engine,4.6,116.0,124.0,Towing,6.0,16.0,1.8
219011021,Under way using engine,4.3,91.8,93.0,Towing,6.0,16.0,1.8
219011021,Under way using engine,4.6,90.2,90.0,Towing,6.0,16.0,1.8
219011021,Under way using engine,5.3,69.6,75.0,Towing,6.0,16.0,1.8
219001239,Moored,0.0,,,Towing,6.0,19.0,3.0
219011021,Under way using engine,4.9,69.9,72.0,Towing,6.0,16.0,1.8
219011021,Under way using engine,4.4,73.0,73.0,Towing,6.0,16.0,1.8
219996000,Under way using engine,9.9,148.0,147.0,Towing,7.0,21.0,3.4
219996000,Under way using engine,8.0,241.3,244.0,Towing,7.0,21.0,3.4
219011021,Under way using engine,4.5,67.0,68.0,Towing,6.0,16.0,1.8
219011021,Under way using engine,5.1,62.2,64.0,Towing,6.0,16.0,1.8
219011021,Under way using engine,5.2,68.5,66.0,Towing,6.0,16.0,1.8
219011021,Under way using engine,5.4,62.1,65.0,Towing,6.0,16.0,1.8
219011021,Under way using engine,4.8,72.2,73.0,Towing,6.0,16.0,1.8
219011021,Under way using engine,5.2,115.8,114.0,Towing,6.0,16.0,1.8
219011021,Under way using engine,5.1,119.3,115.0,Towing,6.0,16.0,1.8
219011021,Under way using engine,4.3,113.2,117.0,Towing,6.0,16.0,1.8
219011021,Under way using engine,2.1,125.9,127.0,Towing,6.0,16.0,1.8
219005787,Under way using engine,2.3,67.8,,Towing,5.0,13.0,2.0
219001239,Under way using engine,2.3,39.6,,Towing,6.0,19.0,3.0
219011021,Under way using engine,3.6,207.9,189.0,Towing,6.0,16.0,1.8
305389000,Restricted maneuverability,1.2,84.9,65.0,Towing,14.0,50.0,5.6
219011021,Under way using engine,4.1,184.1,182.0,Towing,6.0,16.0,1.8
219011021,Under way using engine,4.0,161.5,161.0,Towing,6.0,16.0,1.8
219996000,Under way using engine,7.4,137.0,136.0,Towing,7.0,21.0,3.4
219996000,Under way using engine,9.3,76.7,76.0,Towing,7.0,21.0,3.4
219011021,Under way using engine,3.7,163.0,161.0,Towing,6.0,16.0,1.8
219996000,Under way using engine,9.0,114.2,114.0,Towing,7.0,21.0,3.4
219996000,Under way using engine,8.5,121.1,122.0,Towing,7.0,21.0,3.4
219996000,Under way using engine,8.0,117.3,117.0,Towing,7.0,21.0,3.4
219011021,Under way using engine,4.4,182.7,181.0,Towing,6.0,16.0,1.8
219001619,Under way using engine,8.6,,337.0,Towing,6.0,15.0,2.7
219001619,Under way using engine,8.5,337.2,337.0,Towing,6.0,15.0,2.7
219015579,Under way using engine,7.5,39.4,50.0,Towing,7.0,23.0,3.0
219001619,Under way using engine,8.9,26.1,28.0,Towing,6.0,15.0,2.7
219001619,Under way using engine,8.4,69.8,64.0,Towing,6.0,15.0,2.7
219001619,Under way using engine,9.1,63.3,65.0,Towing,6.0,15.0,2.7
219001619,Under way using engine,9.0,66.9,63.0,Towing,6.0,15.0,2.7
219001619,Under way using engine,8.6,63.6,59.0,Towing,6.0,15.0,2.7
219015579,Under way using engine,8.3,334.3,328.0,Towing,7.0,23.0,3.0
219001619,Under way using engine,8.2,48.8,51.0,Towing,6.0,15.0,2.7
219015579,Under way using engine,8.8,332.2,326.0,Towing,7.0,23.0,3.0
219001619,Under way using engine,8.5,45.3,47.0,Towing,6.0,15.0,2.7
219001619,Under way using engine,8.2,,79.0,Towing,6.0,15.0,2.7
219001619,Under way using engine,7.9,,88.0,Towing,6.0,15.0,2.7
219001619,Under way using engine,7.3,99.1,104.0,Towing,6.0,15.0,2.7
219001619,Under way using engine,7.3,100.1,105.0,Towing,6.0,15.0,2.7
219001619,Under way using engine,6.8,,110.0,Towing,6.0,15.0,2.7
219001619,Under way using engine,8.0,62.1,80.0,Towing,6.0,15.0,2.7
219001619,Under way using engine,9.4,25.6,31.0,Towing,6.0,15.0,2.7
219001619,Under way using engine,8.5,,41.0,Towing,6.0,15.0,2.7
219001619,Under way using engine,8.9,38.3,35.0,Towing,6.0,15.0,2.7
219001619,Under way using engine,9.0,41.3,35.0,Towing,6.0,15.0,2.7
219001619,Under way using engine,8.9,42.8,49.0,Towing,6.0,15.0,2.7
219001619,Under way using engine,8.4,48.2,50.0,Towing,6.0,15.0,2.7
219001619,Under way using engine,7.8,43.9,50.0,Towing,6.0,15.0,2.7
219001619,Under way using engine,7.2,86.7,77.0,Towing,6.0,15.0,2.7
219001619,Under way using engine,8.0,79.0,79.0,Towing,6.0,15.0,2.7
219001619,Under way using engine,7.8,68.7,73.0,Towing,6.0,15.0,2.7
219001619,Under way using engine,7.7,77.0,77.0,Towing,6.0,15.0,2.7
219001619,Under way using engine,7.5,,79.0,Towing,6.0,15.0,2.7
219001619,Under way using engine,7.6,,82.0,Towing,6.0,15.0,2.7
219001619,Under way using engine,7.8,79.5,79.0,Towing,6.0,15.0,2.7
219001619,Under way using engine,8.0,83.5,83.0,Towing,6.0,15.0,2.7
219001619,Under way using engine,8.1,82.2,82.0,Towing,6.0,15.0,2.7
219794000,Under way using engine,9.3,92.1,93.0,Towing,8.0,26.0,3.5
219794000,Under way using engine,9.4,70.2,70.0,Towing,8.0,26.0,3.5
219001619,Under way using engine,8.4,79.0,82.0,Towing,6.0,15.0,2.7
219794000,Under way using engine,9.3,73.0,72.0,Towing,8.0,26.0,3.5
219001619,Under way using engine,8.7,76.7,78.0,Towing,6.0,15.0,2.7
219794000,Under way using engine,9.5,71.5,70.0,Towing,8.0,26.0,3.5
219001619,Under way using engine,8.9,80.0,82.0,Towing,6.0,15.0,2.7
219794000,Under way using engine,9.9,31.9,31.0,Towing,8.0,26.0,3.5
219001619,Under way using engine,8.9,82.7,86.0,Towing,6.0,15.0,2.7
219001619,Under way using engine,8.8,,103.0,Towing,6.0,15.0,2.7
219794000,Under way using engine,10.0,116.3,112.0,Towing,8.0,26.0,3.5
219794000,Under way using engine,10.1,66.4,65.0,Towing,8.0,26.0,3.5
219794000,Under way using engine,10.2,55.2,52.0,Towing,8.0,26.0,3.5
219001619,Under way using engine,7.9,,106.0,Towing,6.0,15.0,2.7
219794000,Under way using engine,10.1,53.6,52.0,Towing,8.0,26.0,3.5
219001619,Under way using engine,7.4,116.0,116.0,Towing,6.0,15.0,2.7
219794000,Under way using engine,9.7,136.3,135.0,Towing,8.0,26.0,3.5
219794000,Under way using engine,9.6,125.1,124.0,Towing,8.0,26.0,3.5
219015579,Under way using engine,7.5,146.0,145.0,Towing,7.0,23.0,3.0
219001619,Under way using engine,6.1,112.1,116.0,Towing,6.0,15.0,2.7
219015579,Under way using engine,7.8,161.9,169.0,Towing,7.0,23.0,3.0
219794000,Under way using engine,9.3,137.4,137.0,Towing,8.0,26.0,3.5
219015579,Under way using engine,7.8,233.6,231.0,Towing,7.0,23.0,3.0
219794000,Under way using engine,9.9,76.0,73.0,Towing,8.0,26.0,3.5
219001619,Under way using engine,4.5,159.9,161.0,Towing,6.0,15.0,2.7
219794000,Under way using engine,10.0,117.1,116.0,Towing,8.0,26.0,3.5
219794000,Under way using engine,8.5,128.4,128.0,Towing,8.0,26.0,3.5
219794000,Under way using engine,8.6,136.7,136.0,Towing,8.0,26.0,3.5
219001619,Under way using engine,5.8,186.5,181.0,Towing,6.0,15.0,2.7
219794000,Under way using engine,8.4,146.4,146.0,Towing,8.0,26.0,3.5
219794000,Under way using engine,8.5,145.4,146.0,Towing,8.0,26.0,3.5
219001619,Under way using engine,6.5,,169.0,Towing,6.0,15.0,2.7
219794000,Under way using engine,8.6,146.1,146.0,Towing,8.0,26.0,3.5
219794000,Under way using engine,8.4,146.9,147.0,Towing,8.0,26.0,3.5
219001619,Under way using engine,6.6,165.2,164.0,Towing,6.0,15.0,2.7
219794000,Under way using engine,8.4,149.6,149.0,Towing,8.0,26.0,3.5
219001619,Under way using engine,6.4,186.6,188.0,Towing,6.0,15.0,2.7
219794000,Under way using engine,8.7,150.9,150.0,Towing,8.0,26.0,3.5
219001619,Under way using engine,5.9,222.5,218.0,Towing,6.0,15.0,2.7
219794000,Under way using engine,8.4,149.9,151.0,Towing,8.0,26.0,3.5
219794000,Under way using engine,8.3,152.7,151.0,Towing,8.0,26.0,3.5
219996000,Restricted maneuverability,5.3,57.0,57.0,Towing,7.0,21.0,3.4
219996000,Restricted maneuverability,5.6,291.7,287.0,Towing,7.0,21.0,3.4
219794000,Under way using engine,8.4,163.6,161.0,Towing,8.0,26.0,3.5
219794000,Under way using engine,7.9,159.6,161.0,Towing,8.0,26.0,3.5
305389000,Restricted maneuverability,2.0,103.1,106.0,Towing,14.0,50.0,5.6
219794000,Under way using engine,8.2,229.3,225.0,Towing,8.0,26.0,3.5
305389000,Restricted maneuverability,5.4,121.8,125.0,Towing,14.0,50.0,5.6
305389000,Restricted maneuverability,5.6,134.9,138.0,Towing,14.0,50.0,5.6
219996000,Restricted maneuverability,5.6,136.0,153.0,Towing,7.0,21.0,3.4
305389000,Restricted maneuverability,5.8,80.9,79.0,Towing,14.0,50.0,5.6
219996000,Restricted maneuverability,5.8,83.0,93.0,Towing,7.0,21.0,3.4
305389000,Restricted maneuverability,6.0,114.1,118.0,Towing,14.0,50.0,5.6
219996000,Restricted maneuverability,6.1,108.0,126.0,Towing,7.0,21.0,3.4
305389000,Restricted maneuverability,3.6,117.2,122.0,Towing,14.0,50.0,5.6
219996000,Restricted maneuverability,3.6,122.5,145.0,Towing,7.0,21.0,3.4
305389000,Restricted maneuverability,6.3,141.0,142.0,Towing,14.0,50.0,5.6
305389000,Restricted maneuverability,6.4,138.3,141.0,Towing,14.0,50.0,5.6
305389000,Restricted maneuverability,6.3,141.2,144.0,Towing,14.0,50.0,5.6
305389000,Restricted maneuverability,7.8,89.7,92.0,Towing,14.0,50.0,5.6
305389000,Restricted maneuverability,8.2,84.6,84.0,Towing,14.0,50.0,5.6
305389000,Restricted maneuverability,8.2,47.3,48.0,Towing,14.0,50.0,5.6
305389000,Restricted maneuverability,8.3,17.3,18.0,Towing,14.0,50.0,5.6
305389000,Restricted maneuverability,8.7,17.3,18.0,Towing,14.0,50.0,5.6
305389000,Restricted maneuverability,8.2,333.1,329.0,Towing,14.0,50.0,5.6
305389000,Restricted maneuverability,8.1,336.7,336.0,Towing,14.0,50.0,5.6
305389000,Restricted maneuverability,8.3,340.6,340.0,Towing,14.0,50.0,5.6
305389000,Restricted maneuverability,8.3,340.6,340.0,Towing,14.0,50.0,5.6
305389000,Restricted maneuverability,8.6,358.1,2.0,Towing,14.0,50.0,5.6
305389000,Restricted maneuverability,8.1,3.5,5.0,Towing,14.0,50.0,5.6
305389000,Restricted maneuverability,7.6,3.2,4.0,Towing,14.0,50.0,5.6
305389000,Restricted maneuverability,8.3,5.0,5.0,Towing,14.0,50.0,5.6
305389000,Restricted maneuverability,8.6,1.3,0.0,Towing,14.0,50.0,5.6
219996000,Under way using engine,5.9,66.0,64.0,Towing,7.0,21.0,3.4
219996000,Under way using engine,6.0,293.8,293.0,Towing,7.0,21.0,3.4
305389000,Restricted maneuverability,7.3,234.6,237.0,Towing,14.0,50.0,5.6
305389000,Restricted maneuverability,7.2,236.2,237.0,Towing,14.0,50.0,5.6
219996000,Under way using engine,8.1,239.0,240.0,Towing,7.0,21.0,3.4
219011021,Under way using engine,7.8,155.9,155.0,Towing,6.0,16.0,1.8
219011021,Under way using engine,7.8,154.5,152.0,Towing,6.0,16.0,1.8
219011021,Under way using engine,7.4,218.7,218.0,Towing,6.0,16.0,1.8
219011021,Under way using engine,7.1,253.3,255.0,Towing,6.0,16.0,1.8
219011021,Under way using engine,6.4,285.0,289.0,Towing,6.0,16.0,1.8
219011021,Under way using engine,6.7,329.0,329.0,Towing,6.0,16.0,1.8
219011021,Under way using engine,6.8,333.8,330.0,Towing,6.0,16.0,1.8
219011021,Under way using engine,4.2,131.8,134.0,Towing,6.0,16.0,1.8
219011021,Under way using engine,3.7,131.7,132.0,Towing,6.0,16.0,1.8
219011021,Under way using engine,3.8,105.0,98.0,Towing,6.0,16.0,1.8
219011021,Under way using engine,4.6,62.1,67.0,Towing,6.0,16.0,1.8
219011021,Under way using engine,5.0,35.4,32.0,Towing,6.0,16.0,1.8
219011021,Under way using engine,4.7,341.6,336.0,Towing,6.0,16.0,1.8
219011021,Under way using engine,4.1,324.6,322.0,Towing,6.0,16.0,1.8
219015579,Under way using engine,7.3,327.1,326.0,Towing,7.0,23.0,25.5
219996000,Moored,7.9,65.0,66.0,Towing,7.0,21.0,3.4
219996000,Moored,8.5,286.0,286.0,Towing,7.0,21.0,3.4
219015579,Under way using engine,7.0,327.7,326.0,Towing,7.0,23.0,25.5
219015579,Under way using engine,6.2,324.1,318.0,Towing,7.0,23.0,3.0
219015579,Under way using engine,6.5,322.3,321.0,Towing,7.0,23.0,3.0
219996000,Moored,9.6,136.0,139.0,Towing,7.0,21.0,3.4
219015579,Under way using engine,6.2,326.4,323.0,Towing,7.0,23.0,3.0
219015579,Under way using engine,6.3,321.6,324.0,Towing,7.0,23.0,3.0
219996000,Moored,9.7,77.0,77.0,Towing,7.0,21.0,3.4
219996000,Under way using engine,8.9,116.3,116.0,Towing,7.0,21.0,3.4
219996000,Under way using engine,1.0,127.0,108.0,Towing,7.0,21.0,3.4
219015579,Under way using engine,6.4,328.6,325.0,Towing,7.0,23.0,3.0
219015579,Under way using engine,6.0,326.2,326.0,Towing,7.0,23.0,3.0
219015579,Under way using engine,6.8,339.7,341.0,Towing,7.0,23.0,3.0
219015579,Under way using engine,5.9,341.2,341.0,Towing,7.0,23.0,3.0
219996000,Under way using engine,9.0,38.9,37.0,Towing,7.0,21.0,3.4
219015579,Under way using engine,4.5,9.0,8.0,Towing,7.0,23.0,3.0
219015579,Under way using engine,4.6,9.0,8.0,Towing,7.0,23.0,3.0
219015579,Under way using engine,4.7,29.4,30.0,Towing,7.0,23.0,3.0
219015579,Under way using engine,5.4,85.4,91.0,Towing,7.0,23.0,3.0
219015579,Under way using engine,4.4,183.7,190.0,Towing,7.0,23.0,3.0
219015579,Under way using engine,5.9,27.2,21.0,Towing,7.0,23.0,3.0
219015579,Under way using engine,5.7,23.1,21.0,Towing,7.0,23.0,3.0
219015579,Under way using engine,5.3,15.4,14.0,Towing,7.0,23.0,3.0
219015579,Under way using engine,4.8,7.2,3.0,Towing,7.0,23.0,3.0
219015579,Under way using engine,4.9,359.9,0.0,Towing,7.0,23.0,3.0
219015579,Under way using engine,5.2,2.1,358.0,Towing,7.0,23.0,3.0
219015579,Under way using engine,4.8,325.8,317.0,Towing,7.0,23.0,3.0
219794000,Under way using engine,8.2,66.7,64.0,Towing,8.0,26.0,3.5
219005787,Under way using engine,2.2,53.9,,Towing,5.0,13.0,2.0
219794000,Under way using engine,7.7,126.1,133.0,Towing,8.0,26.0,3.5
219015579,Under way using engine,4.6,305.7,302.0,Towing,7.0,23.0,3.0
219015579,Under way using engine,4.7,304.7,300.0,Towing,7.0,23.0,3.0
219794000,Under way using engine,8.1,133.6,135.0,Towing,8.0,26.0,3.5
219794000,Under way using engine,7.9,134.3,135.0,Towing,8.0,26.0,3.5
219794000,Under way using engine,7.7,133.6,130.0,Towing,8.0,26.0,3.5
219794000,Under way using engine,7.9,131.9,128.0,Towing,8.0,26.0,3.5
219794000,Under way using engine,8.2,131.3,129.0,Towing,8.0,26.0,3.5
219794000,Under way using engine,8.2,130.2,127.0,Towing,8.0,26.0,3.5
219794000,Under way using engine,8.0,128.7,128.0,Towing,8.0,26.0,3.5
219794000,Under way using engine,8.0,127.4,127.0,Towing,8.0,26.0,3.5
219794000,Under way using engine,8.2,131.6,129.0,Towing,8.0,26.0,3.5
219794000,Under way using engine,7.8,129.3,125.0,Towing,8.0,26.0,3.5
219794000,Under way using engine,7.7,129.7,126.0,Towing,8.0,26.0,3.5
219001239,Moored,0.3,,,Towing,6.0,19.0,3.0
219001239,Under way using engine,2.2,45.8,,Towing,6.0,19.0,3.0
219005787,Under way using engine,2.7,61.4,,Towing,5.0,13.0,2.0
219794000,Under way using engine,2.4,116.3,114.0,Towing,8.0,26.0,3.5
219996000,Moored,4.2,54.0,49.0,Towing,7.0,21.0,3.4
219996000,Under way using engine,3.7,293.0,296.0,Towing,7.0,21.0,3.4
219996000,Under way using engine,7.2,53.0,54.0,Towing,7.0,21.0,3.4
219996000,Under way using engine,6.5,295.7,294.0,Towing,7.0,21.0,3.4
219001619,Under way using engine,0.2,88.9,55.0,Towing,6.0,15.0,2.7
219996000,Under way using engine,6.0,133.6,119.0,Towing,7.0,21.0,3.4
219001239,Under way using engine,2.5,49.4,,Towing,6.0,19.0,3.0
219996000,Under way using engine,5.9,84.6,69.0,Towing,7.0,21.0,3.4
219996000,Under way using engine,5.4,149.2,153.0,Towing,7.0,21.0,3.4
219996000,Under way using engine,6.0,114.8,104.0,Towing,7.0,21.0,3.4
219996000,Under way using engine,5.9,134.0,126.0,Towing,7.0,21.0,3.4
219001239,Under way using engine,9.8,95.4,,Towing,6.0,19.0,3.0
219001239,Under way using engine,9.7,94.5,,Towing,6.0,19.0,3.0
219001239,Moored,7.4,47.4,,Towing,6.0,19.0,3.0
219996000,Under way using engine,6.6,58.6,56.0,Towing,7.0,21.0,3.4
219996000,Under way using engine,6.8,295.3,295.0,Towing,7.0,21.0,3.4
219001239,Under way using engine,10.4,93.0,,Towing,6.0,19.0,3.0
219001239,Under way using engine,10.2,95.9,,Towing,6.0,19.0,3.0
219001239,Under way using engine,9.3,94.0,,Towing,6.0,19.0,3.0
219996000,Under way using engine,6.3,138.0,125.0,Towing,7.0,21.0,3.4
219996000,Under way using engine,6.9,85.6,74.0,Towing,7.0,21.0,3.4
219996000,Under way using engine,6.8,114.0,105.0,Towing,7.0,21.0,3.4
219996000,Under way using engine,6.1,118.7,111.0,Towing,7.0,21.0,3.4
219996000,Under way using engine,6.5,137.0,140.0,Towing,7.0,21.0,3.4
305389000,Restricted maneuverability,7.1,184.3,186.0,Towing,14.0,50.0,5.8
305389000,Restricted maneuverability,7.1,183.1,184.0,Towing,14.0,50.0,5.8
305389000,Restricted maneuverability,7.2,185.0,185.0,Towing,14.0,50.0,5.8
219005787,Under way using engine,3.0,30.2,,Towing,5.0,13.0,2.0
219339000,Restricted maneuverability,7.5,8.2,4.0,Towing,9.0,31.0,3.5
219339000,Restricted maneuverability,7.4,9.5,7.0,Towing,9.0,31.0,3.5
305389000,Restricted maneuverability,7.3,186.2,187.0,Towing,14.0,50.0,5.8
305389000,Restricted maneuverability,7.5,181.0,181.0,Towing,14.0,50.0,5.8
219339000,Restricted maneuverability,6.9,357.4,345.0,Towing,9.0,31.0,3.5
305389000,Restricted maneuverability,6.7,182.1,183.0,Towing,14.0,50.0,5.8
219339000,Restricted maneuverability,7.9,348.6,344.0,Towing,9.0,31.0,3.5
219339000,Restricted maneuverability,7.1,13.2,13.0,Towing,9.0,31.0,3.5
305389000,Restricted maneuverability,7.1,158.3,160.0,Towing,14.0,50.0,5.8
305389000,Restricted maneuverability,6.9,156.1,157.0,Towing,14.0,50.0,5.8
219339000,Restricted maneuverability,6.7,18.2,16.0,Towing,9.0,31.0,3.5
305389000,Restricted maneuverability,7.2,154.5,153.0,Towing,14.0,50.0,5.8
219339000,Restricted maneuverability,6.6,18.4,14.0,Towing,9.0,31.0,3.5
305389000,Restricted maneuverability,6.8,170.1,171.0,Towing,14.0,50.0,5.8
305389000,Restricted maneuverability,6.8,197.4,200.0,Towing,14.0,50.0,5.8
219339000,Restricted maneuverability,6.2,332.9,330.0,Towing,9.0,31.0,3.5
305389000,Restricted maneuverability,6.3,234.0,235.0,Towing,14.0,50.0,5.8
219339000,Restricted maneuverability,6.3,342.6,336.0,Towing,9.0,31.0,3.5
305389000,Restricted maneuverability,6.2,255.9,255.0,Towing,14.0,50.0,5.8
219339000,Restricted maneuverability,6.3,314.2,310.0,Towing,9.0,31.0,3.5
219996000,Under way using engine,7.1,60.0,57.0,Towing,7.0,21.0,3.4
219996000,Under way using engine,7.1,283.5,283.0,Towing,7.0,21.0,3.4
305389000,Restricted maneuverability,4.8,267.1,260.0,Towing,14.0,50.0,5.8
219339000,Restricted maneuverability,2.7,322.6,305.0,Towing,9.0,31.0,3.5
219996000,Under way using engine,9.5,136.0,137.0,Towing,7.0,21.0,3.4
305389000,Restricted maneuverability,4.6,321.7,318.0,Towing,14.0,50.0,5.8
219996000,Under way using engine,9.8,82.0,84.0,Towing,7.0,21.0,3.4
305389000,Restricted maneuverability,4.6,320.9,316.0,Towing,14.0,50.0,5.8
219339000,Restricted maneuverability,6.9,316.5,308.0,Towing,9.0,31.0,3.5
219996000,Under way using engine,9.2,115.0,116.0,Towing,7.0,21.0,3.4
219339000,Restricted maneuverability,6.3,296.1,289.0,Towing,9.0,31.0,3.5
219996000,Under way using engine,9.2,131.4,138.0,Towing,7.0,21.0,3.4
219996000,Under way using engine,9.1,137.0,139.0,Towing,7.0,21.0,3.4
219339000,Restricted maneuverability,6.0,298.5,294.0,Towing,9.0,31.0,3.5
305389000,Restricted maneuverability,6.1,326.6,322.0,Towing,14.0,50.0,5.8
219794000,Under way using engine,9.1,60.5,59.0,Towing,8.0,26.0,3.6
305389000,Restricted maneuverability,6.0,294.8,291.0,Towing,14.0,50.0,5.8
219339000,Restricted maneuverability,6.1,301.0,294.0,Towing,9.0,31.0,3.5
219794000,Under way using engine,9.2,60.7,61.0,Towing,8.0,26.0,3.6
219794000,Under way using engine,9.3,60.6,62.0,Towing,8.0,26.0,3.6
305389000,Restricted maneuverability,5.6,293.0,293.0,Towing,14.0,50.0,5.8
219339000,Restricted maneuverability,6.0,299.8,294.0,Towing,9.0,31.0,3.5
219794000,Under way using engine,9.4,61.3,62.0,Towing,8.0,26.0,3.6
219339000,Restricted maneuverability,6.0,293.4,288.0,Towing,9.0,31.0,3.5
305389000,Restricted maneuverability,5.6,267.0,266.0,Towing,14.0,50.0,5.8
219794000,Under way using engine,9.3,61.4,61.0,Towing,8.0,26.0,3.6
219339000,Restricted maneuverability,6.0,293.9,289.0,Towing,9.0,31.0,3.5
219794000,Under way using engine,9.0,60.0,59.0,Towing,8.0,26.0,3.6
219794000,Under way using engine,9.0,58.7,60.0,Towing,8.0,26.0,3.6
305389000,Restricted maneuverability,5.8,317.9,315.0,Towing,14.0,50.0,5.8
219794000,Under way using engine,9.0,59.8,60.0,Towing,8.0,26.0,3.6
219339000,Restricted maneuverability,6.1,298.2,285.0,Towing,9.0,31.0,3.5
305389000,Restricted maneuverability,5.6,300.0,300.0,Towing,14.0,50.0,5.8
219794000,Under way using engine,9.2,59.6,61.0,Towing,8.0,26.0,3.6
305389000,Restricted maneuverability,1.9,292.0,292.0,Towing,14.0,50.0,5.8
219339000,Restricted maneuverability,6.0,293.4,289.0,Towing,9.0,31.0,3.5
219794000,Under way using engine,9.4,63.5,59.0,Towing,8.0,26.0,3.6
219339000,Restricted maneuverability,6.1,292.8,289.0,Towing,9.0,31.0,3.5
219794000,Under way using engine,9.7,60.8,59.0,Towing,8.0,26.0,3.6
219794000,Under way using engine,9.5,62.2,60.0,Towing,8.0,26.0,3.6
219339000,Restricted maneuverability,6.1,295.0,288.0,Towing,9.0,31.0,3.5
219794000,Under way using engine,9.3,60.0,57.0,Towing,8.0,26.0,3.6
219339000,Restricted maneuverability,6.3,282.0,274.0,Towing,9.0,31.0,3.5
219794000,Under way using engine,9.9,64.1,58.0,Towing,8.0,26.0,3.6
219794000,Under way using engine,9.3,54.1,54.0,Towing,8.0,26.0,3.6
219794000,Under way using engine,9.2,54.4,58.0,Towing,8.0,26.0,3.6
219339000,Restricted maneuverability,6.4,277.1,274.0,Towing,9.0,31.0,3.5
219794000,Under way using engine,9.4,21.2,10.0,Towing,8.0,26.0,3.6
219339000,Restricted maneuverability,6.9,288.4,284.0,Towing,9.0,31.0,3.5
219794000,Under way using engine,8.6,345.3,336.0,Towing,8.0,26.0,3.6
219339000,Restricted maneuverability,6.8,293.2,292.0,Towing,9.0,31.0,3.5
219339000,Restricted maneuverability,6.4,291.9,292.0,Towing,9.0,31.0,3.5
219794000,Under way using engine,8.2,352.0,350.0,Towing,8.0,26.0,3.6
219339000,Restricted maneuverability,6.2,287.7,287.0,Towing,9.0,31.0,3.5
219794000,Under way using engine,8.0,342.3,342.0,Towing,8.0,26.0,3.6
219339000,Restricted maneuverability,6.2,300.2,290.0,Towing,9.0,31.0,3.5
219794000,Under way using engine,8.3,344.3,339.0,Towing,8.0,26.0,3.6
219794000,Under way using engine,7.6,332.9,334.0,Towing,8.0,26.0,3.6
219339000,Restricted maneuverability,6.3,345.1,340.0,Towing,9.0,31.0,3.5
219794000,Under way using engine,8.5,337.8,337.0,Towing,8.0,26.0,3.6
219794000,Under way using engine,8.6,331.6,328.0,Towing,8.0,26.0,3.6
219339000,Restricted maneuverability,5.6,347.5,338.0,Towing,9.0,31.0,3.5
219794000,Under way using engine,9.0,328.9,326.0,Towing,8.0,26.0,3.6
219339000,Restricted maneuverability,5.7,343.3,334.0,Towing,9.0,31.0,3.5
219794000,Under way using engine,7.5,327.8,325.0,Towing,8.0,26.0,3.6
219794000,Under way using engine,8.7,328.0,327.0,Towing,8.0,26.0,3.6
219339000,Restricted maneuverability,5.9,338.8,332.0,Towing,9.0,31.0,3.5
219794000,Under way using engine,8.6,324.9,326.0,Towing,8.0,26.0,3.6
219339000,Restricted maneuverability,6.2,334.1,328.0,Towing,9.0,31.0,3.5
219794000,Under way using engine,8.9,344.9,349.0,Towing,8.0,26.0,3.6
219794000,Under way using engine,9.1,12.4,14.0,Towing,8.0,26.0,3.6
219339000,Restricted maneuverability,6.6,349.2,343.0,Towing,9.0,31.0,3.5
219339000,Restricted maneuverability,6.8,350.9,345.0,Towing,9.0,31.0,3.5
219001239,Under way using engine,2.6,49.2,,Towing,6.0,19.0,3.0
219339000,Restricted maneuverability,6.9,339.6,334.0,Towing,9.0,31.0,3.5
219001239,Under way using engine,9.8,48.9,,Towing,6.0,19.0,3.0
219001239,Under way using engine,10.0,56.7,,Towing,6.0,19.0,3.0
219339000,Restricted maneuverability,6.8,337.7,333.0,Towing,9.0,31.0,3.5
219339000,Restricted maneuverability,6.9,341.6,336.0,Towing,9.0,31.0,3.5
219001239,Under way using engine,9.6,234.7,,Towing,6.0,19.0,3.0
219339000,Restricted maneuverability,6.7,336.7,332.0,Towing,9.0,31.0,3.5
219339000,Restricted maneuverability,6.8,357.8,351.0,Towing,9.0,31.0,3.5
219996000,Under way using engine,3.9,57.5,55.0,Towing,7.0,21.0,3.4
219996000,Under way using engine,3.4,297.3,296.0,Towing,7.0,21.0,3.4
219339000,Restricted maneuverability,6.8,358.9,356.0,Towing,9.0,31.0,3.5
305389000,Moored,1.3,149.0,102.0,Towing,14.0,50.0,5.8
219339000,Restricted maneuverability,6.8,4.6,1.0,Towing,9.0,31.0,3.5
219339000,Restricted maneuverability,6.9,3.5,1.0,Towing,9.0,31.0,3.5
219339000,Restricted maneuverability,7.1,6.2,2.0,Towing,9.0,31.0,3.5
219005787,Under way using engine,4.2,40.7,,Towing,5.0,13.0,2.0
305389000,Moored,0.0,125.0,125.0,Towing,14.0,50.0,5.8
219001239,Moored,0.0,,,Towing,6.0,19.0,3.0
219005787,Moored,0.0,,,Towing,5.0,13.0,2.0
219996000,Under way using engine,7.7,65.0,60.0,Towing,7.0,21.0,3.4
219005787,Moored,0.0,,,Towing,5.0,13.0,2.0
305389000,Moored,0.0,124.0,124.0,Towing,14.0,50.0,5.8
219005787,Under way using engine,1.5,353.5,,Towing,5.0,13.0,2.0
219001239,Moored,2.7,1.7,,Towing,6.0,19.0,3.0
305389000,Restricted maneuverability,2.1,108.2,111.0,Towing,14.0,50.0,5.8
305389000,Restricted maneuverability,0.9,263.0,51.0,Towing,14.0,50.0,5.8
305389000,Moored,0.0,57.0,57.0,Towing,14.0,50.0,5.7
236111925,Under way using engine,3.0,222.7,220.0,Towing,10.0,25.0,3.5
236111925,Under way using engine,4.0,220.6,219.0,Towing,10.0,25.0,3.5
236111925,Under way using engine,3.8,223.7,219.0,Towing,10.0,25.0,3.5
219005787,Moored,1.7,7.4,,Towing,5.0,13.0,2.0
219001239,Under way using engine,3.0,63.0,,Towing,6.0,19.0,3.0
236111925,Under way using engine,4.2,206.1,202.0,Towing,10.0,25.0,3.5
219017733,Under way using engine,8.0,171.9,169.0,Towing,8.0,24.0,4.0
219017733,Under way using engine,8.1,165.3,163.0,Towing,8.0,24.0,4.0
219001239,Under way using engine,9.9,41.7,,Towing,6.0,19.0,3.0
219001239,Under way using engine,9.8,40.7,,Towing,6.0,19.0,3.0
305389000,Moored,0.0,53.0,53.0,Towing,14.0,50.0,5.7
219017733,Under way using engine,9.2,158.5,158.0,Towing,8.0,24.0,4.0
219017733,Under way using engine,9.2,158.7,158.0,Towing,8.0,24.0,4.0
305389000,Restricted maneuverability,0.3,170.4,62.0,Towing,14.0,50.0,5.7
305389000,Restricted maneuverability,6.2,138.0,139.0,Towing,14.0,50.0,5.7
305389000,Restricted maneuverability,6.9,86.6,85.0,Towing,14.0,50.0,5.7
305389000,Restricted maneuverability,6.9,114.0,114.0,Towing,14.0,50.0,5.7
305389000,Restricted maneuverability,5.3,125.6,130.0,Towing,14.0,50.0,5.7
305389000,Restricted maneuverability,5.5,137.9,140.0,Towing,14.0,50.0,5.7
305389000,Restricted maneuverability,5.7,138.9,141.0,Towing,14.0,50.0,5.7
305389000,Restricted maneuverability,5.4,136.9,138.0,Towing,14.0,50.0,5.7
219017733,Under way using engine,10.4,272.5,269.0,Towing,8.0,24.0,4.0
305389000,Restricted maneuverability,7.1,80.8,80.0,Towing,14.0,50.0,5.7
219017733,Under way using engine,9.6,245.5,246.0,Towing,8.0,24.0,4.0
305389000,Restricted maneuverability,7.3,76.1,73.0,Towing,14.0,50.0,5.7
305389000,Restricted maneuverability,7.4,69.8,67.0,Towing,14.0,50.0,5.7
305389000,Restricted maneuverability,5.5,12.2,6.0,Towing,14.0,50.0,5.7
305389000,Restricted maneuverability,5.7,11.0,6.0,Towing,14.0,50.0,5.7
305389000,Restricted maneuverability,5.5,349.1,345.0,Towing,14.0,50.0,5.7
305389000,Restricted maneuverability,5.6,337.0,336.0,Towing,14.0,50.0,5.7
305389000,Restricted maneuverability,6.5,338.1,339.0,Towing,14.0,50.0,5.7
305389000,Restricted maneuverability,6.6,344.0,344.0,Towing,14.0,50.0,5.7
305389000,Restricted maneuverability,7.2,0.7,0.0,Towing,14.0,50.0,5.7
305389000,Restricted maneuverability,7.3,13.0,13.0,Towing,14.0,50.0,5.7
305389000,Restricted maneuverability,7.4,17.0,17.0,Towing,14.0,50.0,5.7
305389000,Restricted maneuverability,7.9,30.2,39.0,Towing,14.0,50.0,5.7
305389000,Restricted maneuverability,7.7,17.1,359.0,Towing,14.0,50.0,5.7
305389000,Restricted maneuverability,7.6,20.0,11.0,Towing,14.0,50.0,5.7
219001239,Under way using engine,4.5,32.7,,Towing,6.0,19.0,3.0
219017733,Under way using engine,10.3,165.2,163.0,Towing,8.0,24.0,4.0
219017733,Under way using engine,10.3,166.0,164.0,Towing,8.0,24.0,4.0
219017733,Under way using engine,6.7,223.7,221.0,Towing,8.0,24.0,4.0
219017733,Under way using engine,6.7,224.0,220.0,Towing,8.0,24.0,4.0
219017733,Under way using engine,4.8,267.8,254.0,Towing,8.0,24.0,4.0
219017733,Under way using engine,11.5,355.6,354.0,Towing,8.0,24.0,4.0
219001239,Under way using engine,1.4,66.9,,Towing,6.0,19.0,3.0
219005787,Moored,0.0,,,Towing,5.0,13.0,2.0
219005787,Under way using engine,3.1,16.2,,Towing,5.0,13.0,2.0
219017733,Under way using engine,9.6,154.0,153.0,Towing,8.0,24.0,4.0
219017733,Under way using engine,9.5,155.5,155.0,Towing,8.0,24.0,4.0
219017733,Under way using engine,9.8,151.0,152.0,Towing,8.0,24.0,4.0
219005787,Moored,0.0,,,Towing,5.0,13.0,2.0
219794000,Under way using engine,7.8,185.4,183.0,Towing,8.0,26.0,3.6
219794000,Under way using engine,7.7,183.7,181.0,Towing,8.0,26.0,3.6
219794000,Under way using engine,7.4,182.8,183.0,Towing,8.0,26.0,3.6
219794000,Under way using engine,7.6,183.3,184.0,Towing,8.0,26.0,3.6
219794000,Under way using engine,7.1,181.7,179.0,Towing,8.0,26.0,3.6
219794000,Under way using engine,7.2,173.8,171.0,Towing,8.0,26.0,3.6
219794000,Under way using engine,7.6,174.4,173.0,Towing,8.0,26.0,3.6
219794000,Under way using engine,7.3,169.6,171.0,Towing,8.0,26.0,3.6
219794000,Under way using engine,7.6,175.2,177.0,Towing,8.0,26.0,3.6
219794000,Under way using engine,6.8,162.4,162.0,Towing,8.0,26.0,3.6
219794000,Under way using engine,7.3,157.1,157.0,Towing,8.0,26.0,3.6
219794000,Under way using engine,7.2,157.1,156.0,Towing,8.0,26.0,3.6
219794000,Under way using engine,7.5,152.4,152.0,Towing,8.0,26.0,3.6
219794000,Under way using engine,7.6,153.5,154.0,Towing,8.0,26.0,3.6
219794000,Under way using engine,7.0,176.3,177.0,Towing,8.0,26.0,3.6
219001619,Under way using engine,8.6,147.1,147.0,Towing,6.0,15.0,2.7
219794000,Under way using engine,7.1,209.8,209.0,Towing,8.0,26.0,3.6
219794000,Under way using engine,7.9,250.2,245.0,Towing,8.0,26.0,3.6
219996000,Restricted maneuverability,1.7,292.0,291.0,Towing,7.0,21.0,3.4
219001239,Under way using engine,4.1,21.1,,Towing,6.0,19.0,3.0
219005787,Moored,1.9,87.6,,Towing,5.0,13.0,2.0
219001239,Under way using engine,2.5,37.4,,Towing,6.0,19.0,3.0
219011021,Under way using engine,7.9,139.1,135.0,Towing,6.0,16.0,1.7
219005787,Under way using engine,2.1,57.4,,Towing,5.0,13.0,2.0
219001239,Under way using engine,2.8,58.6,,Towing,6.0,19.0,3.0
219001239,Under way using engine,0.0,,,Towing,6.0,19.0,3.0
219005787,Under way using engine,4.5,29.8,,Towing,5.0,13.0,2.0
219011021,Under way using engine,6.2,356.6,355.0,Towing,6.0,16.0,1.7
219011021,Under way using engine,6.3,352.2,348.0,Towing,6.0,16.0,1.7
219011021,Under way using engine,6.9,2.0,357.0,Towing,6.0,16.0,1.7
219011021,Under way using engine,8.5,321.9,318.0,Towing,6.0,16.0,1.7
219011021,Under way using engine,6.2,307.0,302.0,Towing,6.0,16.0,1.7
219011021,Under way using engine,5.5,288.5,288.0,Towing,6.0,16.0,1.7
219011021,Under way using engine,5.5,289.1,286.0,Towing,6.0,16.0,1.7
219011021,Under way using engine,6.0,251.2,255.0,Towing,6.0,16.0,1.7
219011021,Under way using engine,5.9,233.4,238.0,Towing,6.0,16.0,1.7
219011021,Under way using engine,4.9,239.0,235.0,Towing,6.0,16.0,1.7
219011021,Under way using engine,5.5,242.5,234.0,Towing,6.0,16.0,1.7
219011021,Under way using engine,5.7,237.2,235.0,Towing,6.0,16.0,1.7
305389000,Restricted maneuverability,6.3,212.8,211.0,Towing,14.0,50.0,5.7
219011021,Under way using engine,5.1,226.2,228.0,Towing,6.0,16.0,1.7
305389000,Restricted maneuverability,4.8,207.5,204.0,Towing,14.0,50.0,5.7
219011021,Under way using engine,6.1,181.2,179.0,Towing,6.0,16.0,1.7
305389000,Restricted maneuverability,4.9,207.5,204.0,Towing,14.0,50.0,5.7
219011021,Under way using engine,5.4,61.0,65.0,Towing,6.0,16.0,1.7
219011021,Under way using engine,5.7,86.9,90.0,Towing,6.0,16.0,1.7
305389000,Restricted maneuverability,4.5,211.3,204.0,Towing,14.0,50.0,5.7
305389000,Restricted maneuverability,4.6,208.7,205.0,Towing,14.0,50.0,5.7
219794000,Under way using engine,8.5,52.3,55.0,Towing,8.0,26.0,3.6
305389000,Restricted maneuverability,4.2,182.9,187.0,Towing,14.0,50.0,5.7
305389000,Restricted maneuverability,3.9,180.5,182.0,Towing,14.0,50.0,5.7
305389000,Restricted maneuverability,4.4,156.5,163.0,Towing,14.0,50.0,5.7
305389000,Restricted maneuverability,4.8,155.0,161.0,Towing,14.0,50.0,5.7
305389000,Restricted maneuverability,4.1,171.8,175.0,Towing,14.0,50.0,5.7
305389000,Restricted maneuverability,4.0,199.0,199.0,Towing,14.0,50.0,5.7
305389000,Restricted maneuverability,4.1,198.0,198.0,Towing,14.0,50.0,5.7
305389000,Restricted maneuverability,4.7,199.2,198.0,Towing,14.0,50.0,5.7
305389000,Restricted maneuverability,4.9,257.9,251.0,Towing,14.0,50.0,5.7
219011021,Under way using engine,5.8,175.7,174.0,Towing,6.0,16.0,1.7
219011021,Under way using engine,6.0,174.1,173.0,Towing,6.0,16.0,1.7
219011021,Under way using engine,5.0,182.3,183.0,Towing,6.0,16.0,1.7
305389000,Restricted maneuverability,6.8,308.3,305.0,Towing,14.0,50.0,5.7
305389000,Restricted maneuverability,7.0,315.2,312.0,Towing,14.0,50.0,5.7
305389000,Restricted maneuverability,6.9,316.1,312.0,Towing,14.0,50.0,5.7
305389000,Restricted maneuverability,4.6,339.4,337.0,Towing,14.0,50.0,5.7
305389000,Restricted maneuverability,6.1,293.7,290.0,Towing,14.0,50.0,5.7
305389000,Restricted maneuverability,5.0,301.5,297.0,Towing,14.0,50.0,5.7
305389000,Restricted maneuverability,5.3,259.0,258.0,Towing,14.0,50.0,5.7
219011021,Under way using engine,7.7,297.4,296.0,Towing,6.0,16.0,1.7
305389000,Restricted maneuverability,5.0,317.1,316.0,Towing,14.0,50.0,5.7
219011021,Under way using engine,7.4,259.5,254.0,Towing,6.0,16.0,1.7
219011021,Under way using engine,8.3,12.1,10.0,Towing,6.0,16.0,1.7
219011021,Under way using engine,8.1,44.4,45.0,Towing,6.0,16.0,1.7
305389000,Restricted maneuverability,2.2,305.6,303.0,Towing,14.0,50.0,5.7
219011021,Under way using engine,8.0,54.3,53.0,Towing,6.0,16.0,1.7
305389000,Restricted maneuverability,1.3,294.3,290.0,Towing,14.0,50.0,5.7
219011021,Under way using engine,7.8,50.3,53.0,Towing,6.0,16.0,1.7
219011021,Under way using engine,7.8,56.7,54.0,Towing,6.0,16.0,1.7
219011021,Under way using engine,7.3,56.7,53.0,Towing,6.0,16.0,1.7
219011021,Under way using engine,7.2,72.3,75.0,Towing,6.0,16.0,1.7
219011021,Under way using engine,7.2,107.7,109.0,Towing,6.0,16.0,1.7
219011021,Under way using engine,7.8,111.9,111.0,Towing,6.0,16.0,1.7
219011021,Under way using engine,6.5,128.0,126.0,Towing,6.0,16.0,1.7
219011021,Under way using engine,6.1,139.6,142.0,Towing,6.0,16.0,1.7
219011021,Under way using engine,6.2,186.5,178.0,Towing,6.0,16.0,1.7
219011021,Under way using engine,6.1,165.0,165.0,Towing,6.0,16.0,1.7
219011021,Under way using engine,6.3,168.1,163.0,Towing,6.0,16.0,1.7
219011021,Under way using engine,6.3,189.7,184.0,Towing,6.0,16.0,1.7
219011021,Under way using engine,6.6,191.2,189.0,Towing,6.0,16.0,1.7
219001239,Under way using engine,0.0,,,Towing,6.0,19.0,3.0
305389000,Moored,0.0,304.0,304.0,Towing,14.0,50.0,5.7
219005787,Under way using engine,3.9,39.2,,Towing,5.0,13.0,2.0
219001239,Under way using engine,2.9,34.8,,Towing,6.0,19.0,3.0
219017733,Under way using engine,6.2,165.9,167.0,Towing,8.0,24.0,4.0
219017733,Under way using engine,6.3,161.5,164.0,Towing,8.0,24.0,4.0
219001239,Moored,0.0,,,Towing,6.0,19.0,3.0
219005787,Moored,3.8,0.1,,Towing,5.0,13.0,2.0
219001239,Moored,2.3,3.0,,Towing,6.0,19.0,3.0
219794000,Under way using engine,8.3,62.4,63.0,Towing,8.0,26.0,3.6
219794000,Under way using engine,7.7,187.4,188.0,Towing,8.0,26.0,3.6
219794000,Under way using engine,7.9,224.7,224.0,Towing,8.0,26.0,3.6
219794000,Under way using engine,8.1,229.5,227.0,Towing,8.0,26.0,3.6
219794000,Under way using engine,8.2,228.4,226.0,Towing,8.0,26.0,3.6
219794000,Under way using engine,8.0,203.8,202.0,Towing,8.0,26.0,3.6
219794000,Under way using engine,8.0,201.6,202.0,Towing,8.0,26.0,3.6
219794000,Under way using engine,8.1,240.7,239.0,Towing,8.0,26.0,3.6
219794000,Under way using engine,8.2,229.6,226.0,Towing,8.0,26.0,3.6
219794000,Under way using engine,8.1,226.0,223.0,Towing,8.0,26.0,3.6
219794000,Under way using engine,7.9,187.5,187.0,Towing,8.0,26.0,3.6
219794000,Under way using engine,7.7,167.8,167.0,Towing,8.0,26.0,3.6
219794000,Under way using engine,7.9,212.0,208.0,Towing,8.0,26.0,3.6
219794000,Under way using engine,7.8,231.2,228.0,Towing,8.0,26.0,3.6
219794000,Under way using engine,7.9,252.6,247.0,Towing,8.0,26.0,3.6
219794000,Under way using engine,7.8,257.0,251.0,Towing,8.0,26.0,3.6
219794000,Under way using engine,7.0,247.8,243.0,Towing,8.0,26.0,3.6
219794000,Under way using engine,6.9,233.3,232.0,Towing,8.0,26.0,3.6
219794000,Under way using engine,7.3,232.9,231.0,Towing,8.0,26.0,3.6
219794000,Under way using engine,7.7,236.2,235.0,Towing,8.0,26.0,3.6
219794000,Under way using engine,8.0,241.4,239.0,Towing,8.0,26.0,3.6
219794000,Under way using engine,8.1,262.8,262.0,Towing,8.0,26.0,3.6
219794000,Under way using engine,8.0,238.9,236.0,Towing,8.0,26.0,3.6
305389000,Moored,0.0,304.0,304.0,Towing,14.0,50.0,5.7
219005787,Moored,0.1,,,Towing,5.0,13.0,2.0
219794000,Under way using engine,8.2,160.8,160.0,Towing,8.0,26.0,3.6
219017733,Under way using engine,9.8,173.6,173.0,Towing,8.0,24.0,4.0
219005787,Under way using engine,2.7,47.3,,Towing,5.0,13.0,2.0
219001239,Under way using engine,2.6,55.6,,Towing,6.0,19.0,3.0
219017733,Under way using engine,9.6,173.0,171.0,Towing,8.0,24.0,4.0
219017733,Under way using engine,9.7,204.5,204.0,Towing,8.0,24.0,4.0
219017733,Under way using engine,8.3,268.7,256.0,Towing,8.0,24.0,4.0
219017733,Under way using engine,7.7,36.2,34.0,Towing,8.0,24.0,4.0
219017733,Under way using engine,10.8,352.0,351.0,Towing,8.0,24.0,4.0
305389000,Restricted maneuverability,1.7,101.2,89.0,Towing,14.0,50.0,5.7
305389000,Moored,0.0,123.0,123.0,Towing,14.0,50.0,5.7
219005787,Moored,0.0,,,Towing,5.0,13.0,2.0
219001239,Under way using engine,3.6,56.6,,Towing,6.0,19.0,3.0
219001239,Under way using engine,9.8,32.3,,Towing,6.0,19.0,3.0
219001239,Under way using engine,9.3,349.4,,Towing,6.0,19.0,3.0
219011021,Under way using engine,4.8,3.6,7.0,Towing,6.0,16.0,1.7
219011021,Under way using engine,5.0,6.1,7.0,Towing,6.0,16.0,1.7
219011021,Under way using engine,4.9,347.8,342.0,Towing,6.0,16.0,1.7
219011021,Under way using engine,5.5,351.3,346.0,Towing,6.0,16.0,1.7
219011021,Under way using engine,5.7,329.6,322.0,Towing,6.0,16.0,1.7
219011021,Under way using engine,4.7,293.7,299.0,Towing,6.0,16.0,1.7
219011021,Under way using engine,4.0,290.5,287.0,Towing,6.0,16.0,1.7
219011021,Under way using engine,4.2,285.3,282.0,Towing,6.0,16.0,1.7
219011021,Under way using engine,1.9,250.5,254.0,Towing,6.0,16.0,1.7
219011021,Under way using engine,2.7,241.3,239.0,Towing,6.0,16.0,1.7
219011021,Under way using engine,4.1,248.1,235.0,Towing,6.0,16.0,1.7
219011021,Under way using engine,3.8,189.7,232.0,Towing,6.0,16.0,1.7
219011021,Under way using engine,3.5,245.7,237.0,Towing,6.0,16.0,1.7
219011021,Under way using engine,4.3,239.1,240.0,Towing,6.0,16.0,1.7
219011021,Under way using engine,7.1,112.3,110.0,Towing,6.0,16.0,1.7
236111925,Under way using engine,5.6,7.5,5.0,Towing,10.0,25.0,3.0
236111925,Under way using engine,5.4,8.9,3.0,Towing,10.0,25.0,3.0
219011021,Under way using engine,6.8,116.8,120.0,Towing,6.0,16.0,1.7
219011021,Under way using engine,5.0,142.0,145.0,Towing,6.0,16.0,1.7
236111925,Under way using engine,5.2,42.5,43.0,Towing,10.0,25.0,3.0
236111925,Under way using engine,5.3,40.3,42.0,Towing,10.0,25.0,3.0
236111925,Under way using engine,6.3,39.5,45.0,Towing,10.0,25.0,3.0
219011021,Under way using engine,4.9,174.2,170.0,Towing,6.0,16.0,1.7
236111925,Under way using engine,0.9,153.0,175.0,Towing,10.0,25.0,3.0
219011021,Under way using engine,6.8,159.2,162.0,Towing,6.0,16.0,1.7
219011021,Under way using engine,6.4,174.2,174.0,Towing,6.0,16.0,1.7
305389000,Moored,0.0,124.0,124.0,Towing,14.0,50.0,5.7
236111925,Moored,0.0,264.3,351.0,Towing,10.0,25.0,3.0
236111925,Moored,0.0,264.6,353.0,Towing,10.0,25.0,3.0
236111925,Moored,0.0,202.0,352.0,Towing,10.0,25.0,3.0
219001239,Moored,0.0,,,Towing,6.0,19.0,3.0
305389000,Restricted maneuverability,2.2,107.1,102.0,Towing,14.0,50.0,5.7
305389000,Restricted maneuverability,4.6,121.0,121.0,Towing,14.0,50.0,5.7
305389000,Restricted maneuverability,6.1,138.0,139.0,Towing,14.0,50.0,5.7
305389000,Restricted maneuverability,6.5,83.0,83.0,Towing,14.0,50.0,5.7
305389000,Restricted maneuverability,6.6,114.0,114.0,Towing,14.0,50.0,5.7
305389000,Restricted maneuverability,5.6,108.9,110.0,Towing,14.0,50.0,5.7
305389000,Restricted maneuverability,4.9,142.8,144.0,Towing,14.0,50.0,5.7
219005787,Moored,0.8,349.2,,Towing,5.0,13.0,2.0
305389000,Restricted maneuverability,5.9,133.9,132.0,Towing,14.0,50.0,5.7
305389000,Restricted maneuverability,6.0,129.9,128.0,Towing,14.0,50.0,5.7
305389000,Restricted maneuverability,5.4,93.1,91.0,Towing,14.0,50.0,5.7
305389000,Restricted maneuverability,6.0,87.9,86.0,Towing,14.0,50.0,5.7
305389000,Restricted maneuverability,6.2,55.0,55.0,Towing,14.0,50.0,5.7
305389000,Restricted maneuverability,6.0,11.9,10.0,Towing,14.0,50.0,5.7
305389000,Restricted maneuverability,6.0,5.9,4.0,Towing,14.0,50.0,5.7
305389000,Restricted maneuverability,5.6,345.0,344.0,Towing,14.0,50.0,5.7
305389000,Restricted maneuverability,5.3,340.1,338.0,Towing,14.0,50.0,5.7
305389000,Restricted maneuverability,5.7,335.9,338.0,Towing,14.0,50.0,5.7
305389000,Restricted maneuverability,5.7,338.9,341.0,Towing,14.0,50.0,5.7
305389000,Restricted maneuverability,5.8,1.0,1.0,Towing,14.0,50.0,5.7
305389000,Restricted maneuverability,6.4,4.7,3.0,Towing,14.0,50.0,5.7
305389000,Restricted maneuverability,4.8,9.1,8.0,Towing,14.0,50.0,5.7
305389000,Restricted maneuverability,4.9,12.1,12.0,Towing,14.0,50.0,5.7
305389000,Restricted maneuverability,5.0,22.1,21.0,Towing,14.0,50.0,5.7
236111925,Moored,0.0,273.7,260.0,Towing,10.0,25.0,3.0
219001239,Moored,0.0,,,Towing,6.0,19.0,3.0
219005787,Under way using engine,3.7,61.3,,Towing,5.0,13.0,2.0
219001239,Under way using engine,2.3,54.3,,Towing,6.0,19.0,3.0
236111925,Moored,0.0,303.8,260.0,Towing,10.0,25.0,3.0
219015579,Restricted maneuverability,4.7,244.0,236.0,Towing,7.0,23.0,25.5
219015579,Restricted maneuverability,6.2,220.8,235.0,Towing,7.0,23.0,25.5
219011021,Moored,7.4,18.4,16.0,Towing,6.0,16.0,1.7
219015579,Restricted maneuverability,5.7,222.9,229.0,Towing,7.0,23.0,25.5
219011021,Moored,7.4,6.4,6.0,Towing,6.0,16.0,1.7
219015579,Restricted maneuverability,5.6,225.2,229.0,Towing,7.0,23.0,25.5
219015579,Restricted maneuverability,5.8,213.3,227.0,Towing,7.0,23.0,25.5
219015579,Restricted maneuverability,4.5,226.6,235.0,Towing,7.0,23.0,25.5
219015579,Restricted maneuverability,4.4,234.5,235.0,Towing,7.0,23.0,25.5
219005787,Under way using engine,2.3,54.5,,Towing,5.0,13.0,2.0
219001239,Under way using engine,1.6,49.0,,Towing,6.0,19.0,3.0
236111925,Under way using engine,7.7,350.6,350.0,Towing,10.0,25.0,3.0
236111925,Under way using engine,7.8,348.8,349.0,Towing,10.0,25.0,3.0
236111925,Under way using engine,7.4,352.9,351.0,Towing,10.0,25.0,3.0
236111925,Under way using engine,7.4,354.2,353.0,Towing,10.0,25.0,3.0
236111925,Under way using engine,7.4,350.0,350.0,Towing,10.0,25.0,3.0
257090730,Restricted maneuverability,5.2,140.0,142.0,Towing,12.0,30.0,4.8
257090730,Restricted maneuverability,5.4,134.1,135.0,Towing,12.0,30.0,4.8
257090730,Restricted maneuverability,5.3,134.0,133.0,Towing,12.0,30.0,4.8
257090730,Restricted maneuverability,5.4,132.1,134.0,Towing,12.0,30.0,4.8
257090730,Restricted maneuverability,5.0,137.5,148.0,Towing,12.0,30.0,4.8
257090730,Restricted maneuverability,5.1,136.9,146.0,Towing,12.0,30.0,4.8
257090730,Restricted maneuverability,5.6,133.2,140.0,Towing,12.0,30.0,4.8
257090730,Restricted maneuverability,5.5,134.5,145.0,Towing,12.0,30.0,4.8
257090730,Restricted maneuverability,5.3,138.2,148.0,Towing,12.0,30.0,4.8
257090730,Restricted maneuverability,4.4,134.4,145.0,Towing,12.0,30.0,4.8
257090730,Restricted maneuverability,4.3,132.8,141.0,Towing,12.0,30.0,4.8
257090730,Restricted maneuverability,5.3,158.1,167.0,Towing,12.0,30.0,4.8
257090730,Restricted maneuverability,4.8,162.4,176.0,Towing,12.0,30.0,4.8
257090730,Restricted maneuverability,5.1,161.7,168.0,Towing,12.0,30.0,4.8
236111925,Under way using engine,7.2,304.1,303.0,Towing,10.0,25.0,3.0
257090730,Restricted maneuverability,5.5,165.6,162.0,Towing,12.0,30.0,4.8
236111925,Under way using engine,7.0,332.3,321.0,Towing,10.0,25.0,3.0
236111925,Under way using engine,7.9,331.9,333.0,Towing,10.0,25.0,3.0
257090730,Restricted maneuverability,5.6,161.5,156.0,Towing,12.0,30.0,4.8
236111925,Under way using engine,7.6,337.1,338.0,Towing,10.0,25.0,3.0
257090730,Restricted maneuverability,5.4,164.0,169.0,Towing,12.0,30.0,4.8
236111925,Under way using engine,7.3,331.3,325.0,Towing,10.0,25.0,3.0
236111925,Under way using engine,7.3,342.2,339.0,Towing,10.0,25.0,3.0
257090730,Restricted maneuverability,5.6,165.9,165.0,Towing,12.0,30.0,4.8
236111925,Under way using engine,8.0,353.2,349.0,Towing,10.0,25.0,3.0
257090730,Restricted maneuverability,5.6,165.6,165.0,Towing,12.0,30.0,4.8
236111925,Under way using engine,7.9,351.4,350.0,Towing,10.0,25.0,3.0
257090730,Restricted maneuverability,5.8,159.7,164.0,Towing,12.0,30.0,4.8
236111925,Under way using engine,7.5,349.6,347.0,Towing,10.0,25.0,3.0
257090730,Restricted maneuverability,5.4,166.1,166.0,Towing,12.0,30.0,4.8
257090730,Restricted maneuverability,5.0,159.7,167.0,Towing,12.0,30.0,4.8
257090730,Restricted maneuverability,4.7,169.0,169.0,Towing,12.0,30.0,4.8
257090730,Restricted maneuverability,3.9,169.3,174.0,Towing,12.0,30.0,4.8
257090730,Restricted maneuverability,3.7,162.8,165.0,Towing,12.0,30.0,4.8
257090730,Restricted maneuverability,4.1,165.2,166.0,Towing,12.0,30.0,4.8
257090730,Restricted maneuverability,3.3,132.0,140.0,Towing,12.0,30.0,4.8
257090730,Restricted maneuverability,3.3,130.0,137.0,Towing,12.0,30.0,4.8
257090730,Restricted maneuverability,3.7,127.6,129.0,Towing,12.0,30.0,4.8
257090730,Restricted maneuverability,4.4,162.2,164.0,Towing,12.0,30.0,4.8
257090730,Restricted maneuverability,5.0,157.3,163.0,Towing,12.0,30.0,4.8
257090730,Restricted maneuverability,6.0,199.1,200.0,Towing,12.0,30.0,4.8
257090730,Restricted maneuverability,5.5,201.6,200.0,Towing,12.0,30.0,4.8
257090730,Restricted maneuverability,5.2,159.9,161.0,Towing,12.0,30.0,4.8
219011021,Moored,8.5,30.2,31.0,Towing,6.0,16.0,1.7
219011021,Moored,7.6,32.9,34.0,Towing,6.0,16.0,1.7
257090730,Restricted maneuverability,5.3,193.0,191.0,Towing,12.0,30.0,4.8
257090730,Restricted maneuverability,5.0,171.7,170.0,Towing,12.0,30.0,4.8
257090730,Restricted maneuverability,4.9,189.5,193.0,Towing,12.0,30.0,4.8
257090730,Restricted maneuverability,4.4,191.2,192.0,Towing,12.0,30.0,4.8
219005787,Under way using engine,3.9,35.8,,Towing,5.0,13.0,2.0
219001239,Moored,2.5,9.8,,Towing,6.0,19.0,3.0
219005787,Under way using engine,2.1,358.2,,Towing,5.0,13.0,2.0
219001239,Under way using engine,3.5,40.5,,Towing,6.0,19.0,3.0
219001239,Under way using engine,2.7,54.9,,Towing,6.0,19.0,3.0
219005787,Under way using engine,2.3,69.1,,Towing,5.0,13.0,2.0
219017733,Under way using engine,5.9,158.9,160.0,Towing,8.0,24.0,4.0
219017733,Under way using engine,7.4,161.4,159.0,Towing,8.0,24.0,4.0
219017733,Under way using engine,8.9,164.0,158.0,Towing,8.0,24.0,4.0
219007366,Under way sailing,10.2,359.0,354.0,Towing,4.0,15.0,2.0
219007366,Under way sailing,10.2,358.0,352.0,Towing,4.0,15.0,2.0
219007366,Under way sailing,10.6,0.0,355.0,Towing,4.0,15.0,2.0
219007366,Under way sailing,9.8,352.0,352.0,Towing,4.0,15.0,2.0
219007366,Under way sailing,10.1,352.0,350.0,Towing,4.0,15.0,2.0
219007366,Under way sailing,11.0,358.0,355.0,Towing,4.0,15.0,2.0
219007366,Under way sailing,10.1,36.0,33.0,Towing,4.0,15.0,2.0
219007366,Under way sailing,9.6,38.0,28.0,Towing,4.0,15.0,2.0
219007366,Under way sailing,9.5,37.0,29.0,Towing,4.0,15.0,2.0
219007366,Under way sailing,10.4,31.0,25.0,Towing,4.0,15.0,2.0
219007366,Under way sailing,10.2,29.0,25.0,Towing,4.0,15.0,2.0
219007366,Under way sailing,9.3,61.0,59.0,Towing,4.0,15.0,2.0
219007366,Under way sailing,8.9,60.0,54.0,Towing,4.0,15.0,2.0
219007366,Under way sailing,8.7,103.0,99.0,Towing,4.0,15.0,2.0
219007366,Under way sailing,8.0,105.0,97.0,Towing,4.0,15.0,2.0
219007366,Under way sailing,8.9,86.0,85.0,Towing,4.0,15.0,2.0
219007366,Under way sailing,9.4,84.0,84.0,Towing,4.0,15.0,2.0
219007366,Under way sailing,9.0,109.0,106.0,Towing,4.0,15.0,2.0
257090730,Under way using engine,9.6,3.0,1.0,Towing,12.0,30.0,4.8
257090730,Under way using engine,9.6,2.3,0.0,Towing,12.0,30.0,4.8
257090730,Under way using engine,10.2,357.9,355.0,Towing,12.0,30.0,4.8
257090730,Under way using engine,10.0,345.2,347.0,Towing,12.0,30.0,4.8
257090730,Under way using engine,9.1,11.8,15.0,Towing,12.0,30.0,4.8
257090730,Under way using engine,9.3,17.1,18.0,Towing,12.0,30.0,4.8
257090730,Under way using engine,9.6,359.2,2.0,Towing,12.0,30.0,4.8
257090730,Under way using engine,9.9,344.5,342.0,Towing,12.0,30.0,4.8
257090730,Under way using engine,9.9,333.5,334.0,Towing,12.0,30.0,4.8
257090730,Under way using engine,10.3,335.1,333.0,Towing,12.0,30.0,4.8
257090730,Under way using engine,10.8,319.6,314.0,Towing,12.0,30.0,4.8
257090730,Under way using engine,11.8,315.4,314.0,Towing,12.0,30.0,4.8
257090730,Under way using engine,11.6,318.9,316.0,Towing,12.0,30.0,4.8
257090730,Under way using engine,11.3,321.7,319.0,Towing,12.0,30.0,4.8
257090730,Under way using engine,11.1,346.6,351.0,Towing,12.0,30.0,4.8
257090730,Under way using engine,10.5,345.7,340.0,Towing,12.0,30.0,4.8
257090730,Under way using engine,10.3,345.7,341.0,Towing,12.0,30.0,4.8
257090730,Under way using engine,9.5,347.3,344.0,Towing,12.0,30.0,4.8
257090730,Under way using engine,9.1,345.0,346.0,Towing,12.0,30.0,4.8
219015579,Restricted maneuverability,8.7,334.4,332.0,Towing,7.0,23.0,3.0
257090730,Under way using engine,9.2,345.3,346.0,Towing,12.0,30.0,4.8
219015579,Restricted maneuverability,8.4,337.2,333.0,Towing,7.0,23.0,3.0
219015579,Restricted maneuverability,8.0,335.6,330.0,Towing,7.0,23.0,3.0
257090730,Under way using engine,9.0,347.0,344.0,Towing,12.0,30.0,4.8
219015579,Restricted maneuverability,7.7,342.0,338.0,Towing,7.0,23.0,3.0
257090730,Under way using engine,9.2,347.5,345.0,Towing,12.0,30.0,4.8
219015579,Restricted maneuverability,7.6,354.2,356.0,Towing,7.0,23.0,3.0
219007366,Under way sailing,8.6,191.0,189.0,Towing,4.0,15.0,2.0
257090730,Under way using engine,9.4,346.6,346.0,Towing,12.0,30.0,4.8
219015579,Restricted maneuverability,7.6,355.7,357.0,Towing,7.0,23.0,3.0
257090730,Under way using engine,9.4,347.5,344.0,Towing,12.0,30.0,4.8
219007366,Under way sailing,8.9,58.0,54.0,Towing,4.0,15.0,2.0
257090730,Under way using engine,9.9,340.2,341.0,Towing,12.0,30.0,4.8
219007366,Under way sailing,8.8,90.0,87.0,Towing,4.0,15.0,2.0
219015579,Restricted maneuverability,7.1,356.1,357.0,Towing,7.0,23.0,3.0
219007366,Under way sailing,8.9,25.0,29.0,Towing,4.0,15.0,2.0
257090730,Under way using engine,10.3,336.6,341.0,Towing,12.0,30.0,4.8
257090730,Under way using engine,10.3,334.5,338.0,Towing,12.0,30.0,4.8
219015579,Restricted maneuverability,7.7,336.2,328.0,Towing,7.0,23.0,3.0
219007366,Under way sailing,4.1,169.0,167.0,Towing,4.0,15.0,2.0
257090730,Under way using engine,9.9,341.7,341.0,Towing,12.0,30.0,4.8
257090730,Under way using engine,10.0,339.4,338.0,Towing,12.0,30.0,4.8
219007366,Under way sailing,8.5,171.0,166.0,Towing,4.0,15.0,2.0
219015579,Restricted maneuverability,8.9,22.3,23.0,Towing,7.0,23.0,3.0
219005787,Moored,3.4,59.4,,Towing,5.0,13.0,2.0
219011021,Moored,7.5,15.6,17.0,Towing,6.0,16.0,1.7
257090730,Under way using engine,9.4,320.3,316.0,Towing,12.0,30.0,4.8
219011021,Moored,4.5,11.3,17.0,Towing,6.0,16.0,1.7
219007366,Under way sailing,6.2,187.0,180.0,Towing,4.0,15.0,2.0
219004896,Under way using engine,12.0,351.4,,Towing,6.0,22.0,3.5
257090730,Under way using engine,9.6,317.7,312.0,Towing,12.0,30.0,4.8
219004896,Under way using engine,11.8,353.4,,Towing,6.0,22.0,3.5
257090730,Under way using engine,10.0,313.8,311.0,Towing,12.0,30.0,4.8
219015579,Restricted maneuverability,7.3,18.6,17.0,Towing,7.0,23.0,3.0
219015579,Restricted maneuverability,7.3,18.8,18.0,Towing,7.0,23.0,3.0
219011021,Moored,5.5,230.6,221.0,Towing,6.0,16.0,1.7
219004896,Under way using engine,11.3,327.4,,Towing,6.0,22.0,3.5
257090730,Under way using engine,10.1,311.8,311.0,Towing,12.0,30.0,4.8
219004896,Under way using engine,11.2,326.6,,Towing,6.0,22.0,3.5
257090730,Under way using engine,10.1,312.5,313.0,Towing,12.0,30.0,4.8
219004896,Under way using engine,11.4,320.3,,Towing,6.0,22.0,3.5
257090730,Under way using engine,9.8,317.1,315.0,Towing,12.0,30.0,4.8
219004896,Under way using engine,11.1,350.9,,Towing,6.0,22.0,3.5
257090730,Under way using engine,9.7,314.3,312.0,Towing,12.0,30.0,4.8
219015579,Restricted maneuverability,6.7,10.4,11.0,Towing,7.0,23.0,3.0
219004896,Under way using engine,11.4,17.9,,Towing,6.0,22.0,3.2
257090730,Under way using engine,9.5,314.8,312.0,Towing,12.0,30.0,4.8
257090730,Under way using engine,9.8,315.8,310.0,Towing,12.0,30.0,4.8
219015579,Restricted maneuverability,6.8,17.6,16.0,Towing,7.0,23.0,3.0
257090730,Under way using engine,9.4,322.3,315.0,Towing,12.0,30.0,4.8
219004896,Under way using engine,11.4,12.0,,Towing,6.0,22.0,3.2
219015579,Restricted maneuverability,6.9,16.9,16.0,Towing,7.0,23.0,3.0
219004896,Under way using engine,11.3,319.1,,Towing,6.0,22.0,3.2
219015579,Restricted maneuverability,6.7,358.1,354.0,Towing,7.0,23.0,3.0
219004896,Under way using engine,10.6,18.5,,Towing,6.0,22.0,3.2
219004896,Under way using engine,10.5,10.6,,Towing,6.0,22.0,3.2
219004896,Under way using engine,11.2,26.8,,Towing,6.0,22.0,3.2
219015579,Restricted maneuverability,7.5,346.2,343.0,Towing,7.0,23.0,3.0
219004896,Under way using engine,10.9,40.4,,Towing,6.0,22.0,3.2
219015579,Restricted maneuverability,7.6,340.4,340.0,Towing,7.0,23.0,3.0
219004896,Under way using engine,10.8,36.9,,Towing,6.0,22.0,3.2
219004896,Under way using engine,10.9,24.5,,Towing,6.0,22.0,3.2
219004896,Under way using engine,10.5,4.2,,Towing,6.0,22.0,3.2
219015579,Restricted maneuverability,0.8,309.4,204.0,Towing,7.0,23.0,3.0
219004896,Under way using engine,10.8,352.9,,Towing,6.0,22.0,3.2
219004896,Under way using engine,10.9,344.3,,Towing,6.0,22.0,3.2
219004896,Under way using engine,10.6,342.8,,Towing,6.0,22.0,3.2
219004896,Under way using engine,10.5,345.2,,Towing,6.0,22.0,3.2
219004896,Under way using engine,10.2,319.8,,Towing,6.0,22.0,3.2
219015579,Restricted maneuverability,6.4,2.1,4.0,Towing,7.0,23.0,3.0
219004896,Under way using engine,10.0,314.4,,Towing,6.0,22.0,3.2
219004896,Under way using engine,10.0,314.4,,Towing,6.0,22.0,3.2
219004896,Under way using engine,9.9,315.1,,Towing,6.0,22.0,3.2
219015579,Restricted maneuverability,5.8,0.5,0.0,Towing,7.0,23.0,3.0
219004896,Under way using engine,9.9,325.2,,Towing,6.0,22.0,3.2
219004896,Under way using engine,9.8,313.8,,Towing,6.0,22.0,3.2
219004896,Under way using engine,9.7,311.5,,Towing,6.0,22.0,3.2
219004896,Under way using engine,9.6,310.0,,Towing,6.0,22.0,3.2
219015579,Restricted maneuverability,5.8,10.0,12.0,Towing,7.0,23.0,3.0
219004896,Under way using engine,9.7,296.5,,Towing,6.0,22.0,3.2
219015579,Restricted maneuverability,5.8,357.9,356.0,Towing,7.0,23.0,3.0
219015579,Restricted maneuverability,6.3,333.4,331.0,Towing,7.0,23.0,3.0
219015579,Restricted maneuverability,6.0,334.2,331.0,Towing,7.0,23.0,3.0
219015579,Restricted maneuverability,5.7,347.2,345.0,Towing,7.0,23.0,3.0
219015579,Restricted maneuverability,6.0,354.4,348.0,Towing,7.0,23.0,3.0
219015579,Restricted maneuverability,6.5,0.3,356.0,Towing,7.0,23.0,3.0
219004896,Under way using engine,5.0,162.8,,Towing,6.0,22.0,3.2
219015579,Restricted maneuverability,6.4,3.7,0.0,Towing,7.0,23.0,3.0
219015579,Restricted maneuverability,6.6,1.6,358.0,Towing,7.0,23.0,3.0
219015579,Restricted maneuverability,6.3,358.9,358.0,Towing,7.0,23.0,3.0
219004896,Under way using engine,5.0,142.9,,Towing,6.0,22.0,3.2
219004896,Under way using engine,5.0,142.7,,Towing,6.0,22.0,3.2
219015579,Restricted maneuverability,5.9,4.1,359.0,Towing,7.0,23.0,3.0
219004896,Under way using engine,4.9,128.8,,Towing,6.0,22.0,3.2
219004896,Under way using engine,4.9,134.6,,Towing,6.0,22.0,3.2
219004896,Under way using engine,4.8,132.2,,Towing,6.0,22.0,3.2
219004896,Under way using engine,4.6,125.7,,Towing,6.0,22.0,3.2
219004896,Under way using engine,4.5,124.0,,Towing,6.0,22.0,3.2
219004896,Under way using engine,4.6,125.5,,Towing,6.0,22.0,3.2
219004896,Under way using engine,4.7,125.7,,Towing,6.0,22.0,3.2
219004896,Under way using engine,4.8,119.1,,Towing,6.0,22.0,3.2
219004896,Under way using engine,5.1,124.4,,Towing,6.0,22.0,3.2
219004896,Under way using engine,5.1,124.1,,Towing,6.0,22.0,3.2
219004896,Under way using engine,5.3,123.1,,Towing,6.0,22.0,3.2
219004896,Under way using engine,5.5,111.3,,Towing,6.0,22.0,3.2
219004896,Under way using engine,5.3,113.1,,Towing,6.0,22.0,3.2
219004896,Under way using engine,5.3,113.6,,Towing,6.0,22.0,3.2
219015579,Restricted maneuverability,5.5,255.5,243.0,Towing,7.0,23.0,3.0
219004896,Under way using engine,4.7,112.2,,Towing,6.0,22.0,3.2
219015579,Restricted maneuverability,5.4,246.3,242.0,Towing,7.0,23.0,3.0
219004896,Under way using engine,4.9,121.0,,Towing,6.0,22.0,3.2
219015579,Restricted maneuverability,5.2,237.6,240.0,Towing,7.0,23.0,3.0
219015579,Restricted maneuverability,5.0,235.8,237.0,Towing,7.0,23.0,3.0
219004896,Under way using engine,4.7,122.3,,Towing,6.0,22.0,3.2
219007366,Under way sailing,5.3,280.0,279.0,Towing,4.0,15.0,2.0
219015579,Restricted maneuverability,5.6,237.1,239.0,Towing,7.0,23.0,3.0
219004896,Under way using engine,4.7,120.0,,Towing,6.0,22.0,3.2
219007366,Under way sailing,5.8,278.0,283.0,Towing,4.0,15.0,2.0
219004896,Under way using engine,4.6,117.7,,Towing,6.0,22.0,3.2
219007366,Under way sailing,6.2,275.0,279.0,Towing,4.0,15.0,2.0
219004896,Under way using engine,4.8,117.7,,Towing,6.0,22.0,3.2
219007366,Under way sailing,6.3,285.0,284.0,Towing,4.0,15.0,2.0
219007366,Under way sailing,6.2,277.0,275.0,Towing,4.0,15.0,2.0
219004896,Under way using engine,5.1,119.9,,Towing,6.0,22.0,3.2
219004896,Under way using engine,5.7,119.1,,Towing,6.0,22.0,3.2
219007366,Under way sailing,5.3,230.0,233.0,Towing,4.0,15.0,2.0
219004896,Under way using engine,5.6,120.9,,Towing,6.0,22.0,3.2
219007366,Under way sailing,5.2,232.0,229.0,Towing,4.0,15.0,2.0
219004896,Under way using engine,4.2,107.3,,Towing,6.0,22.0,3.2
219007366,Under way sailing,5.0,225.0,225.0,Towing,4.0,15.0,2.0
219007366,Under way sailing,4.6,227.0,223.0,Towing,4.0,15.0,2.0
219004896,Under way using engine,2.5,121.0,,Towing,6.0,22.0,3.2
219007366,Under way sailing,5.5,207.0,209.0,Towing,4.0,15.0,2.0
219007366,Under way sailing,5.5,210.0,210.0,Towing,4.0,15.0,2.0
219004896,Under way using engine,2.9,202.2,,Towing,6.0,22.0,3.2
219007366,Under way sailing,5.1,219.0,209.0,Towing,4.0,15.0,2.0
219007366,Under way sailing,4.9,211.0,202.0,Towing,4.0,15.0,2.0
219004896,Under way using engine,4.2,184.8,,Towing,6.0,22.0,3.2
219007366,Under way sailing,4.5,153.0,144.0,Towing,4.0,15.0,2.0
219007366,Under way sailing,5.3,138.0,141.0,Towing,4.0,15.0,2.0
219004896,Under way using engine,4.3,165.1,,Towing,6.0,22.0,3.2
219007366,Under way sailing,5.7,142.0,140.0,Towing,4.0,15.0,2.0
219004896,Under way using engine,4.5,165.0,,Towing,6.0,22.0,3.2
219007366,Under way sailing,5.5,144.0,139.0,Towing,4.0,15.0,2.0
219004896,Under way using engine,4.6,185.7,,Towing,6.0,22.0,3.2
219004896,Under way using engine,4.5,186.1,,Towing,6.0,22.0,3.2
